Nome,Data Atual,Preço
Apple iPhone 15 Pro Max (256 GB) - Titânio Natural,17/01/2026 17:08,7.884
Apple iPhone 15 Pro Max (256 GB) - Titânio Natural (Novo com caixa aberta),17/01/2026 17:08,5.839
Apple iPhone 15 Pro Max (512 GB) - TItânio Branco - Excelente (Recondicionado),17/01/2026 17:08,6.930
Apple iPhone 15 Pro Max (256 GB) - Titânio Natural - Bom (Recondicionado),17/01/2026 17:08,5.000
Apple iPhone 15 Pro Max (1 TB) - Titânio Azul - Excelente (Recondicionado),17/01/2026 17:08,7.999
Apple iPhone 15 Pro Max (1 TB) - Titânio Azul (Novo com caixa aberta),17/01/2026 17:08,11.690
Apple Iphone 15 Pro Max (256 Gb) Natural Promoção Oferta Top Titânio Natural (Novo com caixa aberta),17/01/2026 17:08,5.945
Apple Iphone 15 Pro Max 256gb Titânio Preto Promo Envio Top Titânio Natural (Novo com caixa aberta),17/01/2026 17:08,6.308
Iphone 15 Pro Max (256 Gb) Branco Apple Original Premium Top Titânio Branco (Novo com caixa aberta),17/01/2026 17:08,6.212
Iphone 15 Pro Max 256gb Titânio Original Premium Apple Top Titânio Branco (Novo com caixa aberta),17/01/2026 17:08,6.226
Apple Iphone 15 Pro Max 256gb Branco Melhor Oferta Envio Top Branco (Novo com caixa aberta),17/01/2026 17:08,5.769
Iphone 15 Pro Max (256 Gb) Preto Original Apple + Envio Top Titânio Preto (Novo com caixa aberta),17/01/2026 17:08,6.244
Iphone 15 Pro Max (256gb) Original Apple Impecável Envio Top Titânio Preto (Recondicionado),17/01/2026 17:08,5.306
Apple Iphone 15 Pro Max (256 Gb) - Azul Original Premium Top Titânio Azul (Novo com caixa aberta),17/01/2026 17:08,6.292
Apple Iphone 15 Pro Max 256gb Branco Pronta Entrega Top Titânio-branco (Novo com caixa aberta),17/01/2026 17:08,5.913
Iphone 15 Pro Max (256 Gb) Titânio Preto Original Apple Top Titânio Preto (Novo com caixa aberta),17/01/2026 17:08,6.282
Iphone 15 Pro Max (256 Gb) Original Apple Envio Imediato Top Titânio Natural (Novo com caixa aberta),17/01/2026 17:08,6.449
Apple Iphone 15 Pro Max 256gb Branco Promo + Entrega Top Titânio-branco (Novo com caixa aberta),17/01/2026 17:08,6.232
Apple Iphone 15 Pro Max 256gb Preto Melhor Oferta Envio Top Titânio Preto (Novo com caixa aberta),17/01/2026 17:08,5.813
Apple Iphone 15 Pro Max 256 Gb Titânio Natural Envio Sp Top Titânio Natural (Novo com caixa aberta),17/01/2026 17:08,6.346
Iphone 15 Pro Max Apple 256gb Titânio Premium Exclusivo Top Titânio Azul (Novo com caixa aberta),17/01/2026 17:08,6.422
Iphone 15 Pro Max 256gb Azul A17 Pro Apple Envio Rápido Top Titânio Azul (Novo com caixa aberta),17/01/2026 17:08,6.178
Apple Iphone 15 Pro Max (256 Gb) Azul Descontão + Envio Top Azul (Novo com caixa aberta),17/01/2026 17:08,5.898
Apple Iphone 15 Pro Max (256gb) Azul Qualidade Impecável Top Titânio Azul (Novo com caixa aberta),17/01/2026 17:08,6.344
Iphone 15 Pro Max 256 Branco Apple Original Envio Frete Top Titânio Branco (Novo com caixa aberta),17/01/2026 17:08,6.059
Apple Iphone 15 Pro Max 256gb Natural Envio Rápido Top Titânio-natural (Novo com caixa aberta),17/01/2026 17:08,6.437
Apple Iphone 15 Pro Max 256gb Preto Envio Rápido Top Titânio-preto (Novo com caixa aberta),17/01/2026 17:08,6.376
Apple Iphone 15 Pro Max 256gb Titânio Preto + Promoção Top Titânio Preto (Novo com caixa aberta),17/01/2026 17:08,6.069
Apple Iphone 15 Pro Max 256gb Titânio Natural Promoção Top Titânio Natural (Novo com caixa aberta),17/01/2026 17:08,6.081
Apple Iphone 15 Pro Max 256gb Preto Promo + Entrega Top Titânio-preto (Novo com caixa aberta),17/01/2026 17:08,6.422
Apple Iphone 15 Pro Max (256 Gb) Azul Condição Especial Top Titânio Azul (Novo com caixa aberta),17/01/2026 17:08,6.083
Iphone 15 Pro Max 256gb Titânio Apple Original Promoção Top Titânio Preto (Novo com caixa aberta),17/01/2026 17:08,6.423
Iphone 15 Pro Max (256 Gb) Apple Original Titânio Envio Top Titânio Preto (Novo com caixa aberta),17/01/2026 17:08,6.429
Apple Iphone 15 Pro Max 256gb Preto Envio + Promo Top Titânio-preto (Novo com caixa aberta),17/01/2026 17:08,6.072
Iphone 15 Pro Max 256g Azul Original Apple Envio Premium Top Titânio Azul (Novo com caixa aberta),17/01/2026 17:08,6.448
Iphone 15 Pro Max 256gb Titânio Apple Original Promoção Top Titânio Natural (Novo com caixa aberta),17/01/2026 17:08,6.104
Iphone 15 Pro Max 256gb Titânio Original Apple Garantia Top Titânio Natural (Novo com caixa aberta),17/01/2026 17:08,6.079
Iphone 15 Pro Max Apple (256 Gb) Azul Original Exclusivo Top Titânio Azul (Novo com caixa aberta),17/01/2026 17:08,6.058
Apple Iphone 15 Pro Max (256 Gb) Azul Descontão + Envio Top Titânio Azul (Novo com caixa aberta),17/01/2026 17:08,6.113
Iphone 15 Pro Max (256 Gb) Original Apple Envio Imediato Top Titânio Preto (Novo com caixa aberta),17/01/2026 17:08,6.479
Apple Iphone 15 Pro Max 256gb Titânio Exclusivo Premium Top Titânio Preto (Novo com caixa aberta),17/01/2026 17:08,6.470
Apple Iphone 15 Pro Max 256gb Natural Pronta Entrega Top Titânio-natural (Novo com caixa aberta),17/01/2026 17:08,6.087
Iphone 15 Pro Max (256 Gb) - Titânio Preto Orginal Apple Top Titânio Preto (Novo com caixa aberta),17/01/2026 17:08,6.473
Apple Iphone 15 Pro Max 256gb Titânio Branco Promoção Top Titânio Preto (Novo com caixa aberta),17/01/2026 17:08,6.099
Apple Iphone 15 Pro Max (256 Gb) Preto Original Premium Top Titânio Preto (Novo com caixa aberta),17/01/2026 17:08,6.114
Apple Iphone 15 Pro Max 256gb Natural Promo + Entrega Top Titânio-natural (Novo com caixa aberta),17/01/2026 17:08,6.294
Iphone 15 Pro Max 256 Gb Titânio Natural Original Apple Top Titânio Natural (Novo com caixa aberta),17/01/2026 17:08,6.473
Apple Iphone 15 Pro Max 256gb Titânio Natural Presente Top Titânio Natural (Novo com caixa aberta),17/01/2026 17:08,6.129
